NAME,DISTRICT_N,DISTRICT,DISTRICT_C,NCES_DISTR,SchDistNam,ESC_CITY,ESC_REGION
Point Isabel ISD,31909,031-909,31909,4835250,Point Isabel ISD,Edinburg,1
San Perlita ISD,245904,245-904,245904,4839000,San Perlita ISD,Edinburg,1
Raymondville ISD,245903,245-903,245903,4836540,Raymondville ISD,Edinburg,1
Lasara ISD,245901,245-901,245901,4826850,Lasara ISD,Edinburg,1
Santa Rosa ISD,31914,031-914,31914,4839360,Santa Rosa ISD,Edinburg,1
Santa Maria ISD,31913,031-913,31913,4839330,Santa Maria ISD,Edinburg,1
San Benito Cons ISD,31912,031-912,31912,4838790,San Benito Cons ISD,Edinburg,1
Rio Hondo ISD,31911,031-911,31911,4837170,Rio Hondo ISD,Edinburg,1
Los Fresnos Cons ISD,31906,031-906,31906,4828290,Los Fresnos Cons ISD,Edinburg,1
La Feria ISD,31905,031-905,31905,4826040,La Feria ISD,Edinburg,1
Harlingen Cons ISD,31903,031-903,31903,4822530,Harlingen Cons ISD,Edinburg,1
Brownsville ISD,31901,031-901,31901,4811680,Brownsville ISD,Edinburg,1
Jim Hogg County ISD,124901,124-901,124901,4824750,Jim Hogg County ISD,Edinburg,1
Webb Cons ISD,240904,240-904,240904,4844810,Webb Cons ISD,Edinburg,1
Zapata County ISD,253901,253-901,253901,4846710,Zapata County ISD,Edinburg,1
Laredo ISD,240901,240-901,240901,4826790,Laredo ISD,Edinburg,1
United ISD,240903,240-903,240903,4843650,United ISD,Edinburg,1
Weslaco ISD,108913,108-913,108913,4844960,Weslaco ISD,Edinburg,1
Valley View ISD (Hidalgo),108916,108-916,108916,4843800,Valley View ISD (Hidalgo),Edinburg,1
Sharyland ISD,108911,108-911,108911,4839930,Sharyland ISD,Edinburg,1
Progreso ISD,108910,108-910,108910,4835910,Progreso ISD,Edinburg,1
Pharr-San Juan-Alamo ISD,108909,108-909,108909,4834860,Pharr-San Juan-Alamo ISD,Edinburg,1
Monte Alto ISD,108915,108-915,108915,4831230,Monte Alto ISD,Edinburg,1
San Isidro ISD,214902,214-902,214902,4838910,San Isidro ISD,Edinburg,1
Mission Cons ISD,108908,108-908,108908,4831040,Mission Cons ISD,Edinburg,1
Roma ISD,214903,214-903,214903,4837740,Roma ISD,Edinburg,1
Mercedes ISD,108907,108-907,108907,4830250,Mercedes ISD,Edinburg,1
Rio Grande City Cons ISD,214901,214-901,214901,4837140,Rio Grande City Cons ISD,Edinburg,1
McAllen ISD,108906,108-906,108906,4829670,McAllen ISD,Edinburg,1
Lyford Cons ISD,245902,245-902,245902,4828620,Lyford Cons ISD,Edinburg,1
La Villa ISD,108914,108-914,108914,4826340,La Villa ISD,Edinburg,1
La Joya ISD,108912,108-912,108912,4826130,La Joya ISD,Edinburg,1
Hidalgo ISD,108905,108-905,108905,4823100,Hidalgo ISD,Edinburg,1
Edinburg Cons ISD,108904,108-904,108904,4818180,Edinburg Cons ISD,Edinburg,1
Edcouch-Elsa ISD,108903,108-903,108903,4818060,Edcouch-Elsa ISD,Edinburg,1
Donna ISD,108902,108-902,108902,4817390,Donna ISD,Edinburg,1
Santa Gertrudis ISD,137904,137-904,137904,4839300,Santa Gertrudis ISD,Corpus Christi,2
Riviera ISD,137903,137-903,137903,4837320,Riviera ISD,Corpus Christi,2
Ricardo ISD,137902,137-902,137902,4836930,Ricardo ISD,Corpus Christi,2
Kingsville ISD,137901,137-901,137901,4825680,Kingsville ISD,Corpus Christi,2
Taft ISD,205907,205-907,205907,4842060,Taft ISD,Corpus Christi,2
Brooks County ISD,24901,024-901,24901,4811580,Brooks County ISD,Corpus Christi,2
Sinton ISD,205906,205-906,205906,4840350,Sinton ISD,Corpus Christi,2
Odem-Edroy ISD,205905,205-905,205905,4833360,Odem-Edroy ISD,Corpus Christi,2
Ingleside ISD,205903,205-903,205903,4824180,Ingleside ISD,Corpus Christi,2
Gregory-Portland ISD,205902,205-902,205902,4821780,Gregory-Portland ISD,Corpus Christi,2
Banquete ISD,178913,178-913,178913,4809410,Banquete ISD,Corpus Christi,2
Agua Dulce ISD,178901,178-901,178901,4807530,Agua Dulce ISD,Corpus Christi,2
Kenedy County-Wide CSD,131001,131-001,131001,4825410,Kenedy County-Wide CSD,Corpus Christi,2
Port Aransas ISD,178908,178-908,178908,4835370,Port Aransas ISD,Corpus Christi,2
Aransas Pass ISD,205901,205-901,205901,4808580,Aransas Pass ISD,Corpus Christi,2
Aransas County ISD,4901,004-901,4901,4808550,Aransas County ISD,Corpus Christi,2
Pawnee ISD,13902,013-902,13902,4834410,Pawnee ISD,Corpus Christi,2
George West ISD,149901,149-901,149901,4820550,George West ISD,Corpus Christi,2
Three Rivers ISD,149902,149-902,149902,4842690,Three Rivers ISD,Corpus Christi,2
West Oso ISD,178915,178-915,178915,4845120,West Oso ISD,Corpus Christi,2
Skidmore-Tynan ISD,13905,013-905,13905,4840410,Skidmore-Tynan ISD,Corpus Christi,2
Tuloso-Midway ISD,178912,178-912,178912,4843350,Tuloso-Midway ISD,Corpus Christi,2
Robstown ISD,178909,178-909,178909,4837440,Robstown ISD,Corpus Christi,2
Pettus ISD,13903,013-903,13903,4834770,Pettus ISD,Corpus Christi,2
Flour Bluff ISD,178914,178-914,178914,4819380,Flour Bluff ISD,Corpus Christi,2
London ISD,178906,178-906,178906,4827990,London ISD,Corpus Christi,2
Driscoll ISD,178905,178-905,178905,4817550,Driscoll ISD,Corpus Christi,2
Mathis ISD,205904,205-904,205904,4829400,Mathis ISD,Corpus Christi,2
Corpus Christi ISD,178904,178-904,178904,4815270,Corpus Christi ISD,Corpus Christi,2
Beeville ISD,13901,013-901,13901,4809720,Beeville ISD,Corpus Christi,2
Calallen ISD,178903,178-903,178903,4812420,Calallen ISD,Corpus Christi,2
Bishop Cons ISD,178902,178-902,178902,4810260,Bishop Cons ISD,Corpus Christi,2
Orange Grove ISD,125903,125-903,125903,4833720,Orange Grove ISD,Corpus Christi,2
La Gloria ISD,125906,125-906,125906,4826070,La Gloria ISD,Corpus Christi,2
Ben Bolt-Palito Blanco ISD,125902,125-902,125902,4809870,Ben Bolt-Palito Blanco ISD,Corpus Christi,2
Freer ISD,66903,066-903,66903,4819820,Freer ISD,Corpus Christi,2
Alice ISD,125901,125-901,125901,4807800,Alice ISD,Corpus Christi,2
San Diego ISD,66902,066-902,66902,4838820,San Diego ISD,Corpus Christi,2
Premont ISD,125905,125-905,125905,4835760,Premont ISD,Corpus Christi,2
McMullen County ISD,162904,162-904,162904,4829940,McMullen County ISD,Corpus Christi,2
Benavides ISD,66901,066-901,66901,4899130,Benavides ISD,Corpus Christi,2
Ramirez CSD,66005,066-005,66005,4836420,Ramirez CSD,Corpus Christi,2
Ganado ISD,120902,120-902,120902,4820310,Ganado ISD,Victoria,3
Edna ISD,120901,120-901,120901,4818210,Edna ISD,Victoria,3
Meyersville ISD,62906,062-906,62906,4830450,Meyersville ISD,Victoria,3
Nursery ISD,235904,235-904,235904,4833270,Nursery ISD,Victoria,3
Victoria ISD,235902,235-902,235902,4844150,Victoria ISD,Victoria,3
Yorktown ISD,62904,062-904,62904,4846650,Yorktown ISD,Victoria,3
Industrial ISD,120905,120-905,120905,4824150,Industrial ISD,Victoria,3
Yoakum ISD,62903,062-903,62903,4846620,Yoakum ISD,Victoria,3
Bloomington ISD,235901,235-901,235901,4810500,Bloomington ISD,Victoria,3
Westhoff ISD,62905,062-905,62905,4845240,Westhoff ISD,Victoria,3
Nordheim ISD,62902,062-902,62902,4832880,Nordheim ISD,Victoria,3
Van Vleck ISD,158906,158-906,158906,4843950,Van Vleck ISD,Victoria,3
Cuero ISD,62901,062-901,62901,4815960,Cuero ISD,Victoria,3
Tidehaven ISD,158902,158-902,158902,4842810,Tidehaven ISD,Victoria,3
Matagorda ISD,158904,158-904,158904,4829370,Matagorda ISD,Victoria,3
Bay City ISD,158901,158-901,158901,4809630,Bay City ISD,Victoria,3
Palacios ISD,158905,158-905,158905,4834020,Palacios ISD,Victoria,3
Boling ISD,241901,241-901,241901,4810780,Boling ISD,Victoria,3
Woodsboro ISD,196902,196-902,196902,4846380,Woodsboro ISD,Victoria,3
Austwell-Tivoli ISD,196901,196-901,196901,4809000,Austwell-Tivoli ISD,Victoria,3
Karnes City ISD,128901,128-901,128901,4825140,Karnes City ISD,Victoria,3
Wharton ISD,241904,241-904,241904,4845380,Wharton ISD,Victoria,3
Louise ISD,241906,241-906,241906,4828350,Louise ISD,Victoria,3
Columbus ISD,45902,045-902,45902,4814700,Columbus ISD,Victoria,3
El Campo ISD,241903,241-903,241903,4818280,El Campo ISD,Victoria,3
East Bernard ISD,241902,241-902,241902,4817830,East Bernard ISD,Victoria,3
Runge ISD,128903,128-903,128903,4838310,Runge ISD,Victoria,3
Kenedy ISD,128902,128-902,128902,4825440,Kenedy ISD,Victoria,3
Weimar ISD,45905,045-905,45905,4844820,Weimar ISD,Victoria,3
Rice Cons ISD,45903,045-903,45903,4836970,Rice Cons ISD,Victoria,3
Hallettsville ISD,143901,143-901,143901,4822120,Hallettsville ISD,Victoria,3
Falls City ISD,128904,128-904,128904,4819020,Falls City ISD,Victoria,3
Calhoun County ISD,29901,029-901,29901,4812480,Calhoun County ISD,Victoria,3
Refugio ISD,196903,196-903,196903,4836780,Refugio ISD,Victoria,3
Vysehrad ISD,143904,143-904,143904,4844250,Vysehrad ISD,Victoria,3
Sweet Home ISD,143905,143-905,143905,4842000,Sweet Home ISD,Victoria,3
Ezzell ISD,143906,143-906,143906,4818890,Ezzell ISD,Victoria,3
Shiner ISD,143903,143-903,143903,4840110,Shiner ISD,Victoria,3
Moulton ISD,143902,143-902,143902,4831560,Moulton ISD,Victoria,3
Goliad ISD,88902,088-902,88902,4821030,Goliad ISD,Victoria,3
Pasadena ISD,101917,101-917,101917,4834320,Pasadena ISD,Houston,4
Houston ISD,101912,101-912,101912,4823640,Houston ISD,Houston,4
Royal ISD,237905,237-905,237905,4838190,Royal ISD,Houston,4
Hempstead ISD,237902,237-902,237902,4822920,Hempstead ISD,Houston,4
Waller ISD,237904,237-904,237904,4844430,Waller ISD,Houston,4
Katy ISD,101914,101-914,101914,4825170,Katy ISD,Houston,4
Tarkington ISD,146907,146-907,146907,4842210,Tarkington ISD,Houston,4
Liberty ISD,146906,146-906,146906,4827450,Liberty ISD,Houston,4
Texas City ISD,84906,084-906,84906,4842510,Texas City ISD,Houston,4
Hull-Daisetta ISD,146905,146-905,146905,4823880,Hull-Daisetta ISD,Houston,4
Dickinson ISD,84901,084-901,84901,4817070,Dickinson ISD,Houston,4
Spring ISD,101919,101-919,101919,4841220,Spring ISD,Houston,4
Hardin ISD,146904,146-904,146904,4822380,Hardin ISD,Houston,4
Clear Creek ISD,84910,084-910,84910,4814280,Clear Creek ISD,Houston,4
Spring Branch ISD,101920,101-920,101920,4841100,Spring Branch ISD,Houston,4
Devers ISD,146903,146-903,146903,4816920,Devers ISD,Houston,4
Cleveland ISD,146901,146-901,146901,4814370,Cleveland ISD,Houston,4
Dayton ISD,146902,146-902,146902,4816410,Dayton ISD,Houston,4
Sheldon ISD,101924,101-924,101924,4839990,Sheldon ISD,Houston,4
Klein ISD,101915,101-915,101915,4825740,Klein ISD,Houston,4
Tomball ISD,101921,101-921,101921,4842960,Tomball ISD,Houston,4
Huffman ISD,101925,101-925,101925,4823820,Huffman ISD,Houston,4
Galena Park ISD,101910,101-910,101910,4820250,Galena Park ISD,Houston,4
Humble ISD,101913,101-913,101913,4823910,Humble ISD,Houston,4
Deer Park ISD,101908,101-908,101908,4816530,Deer Park ISD,Houston,4
Cypress-Fairbanks ISD,101907,101-907,101907,4816110,Cypress-Fairbanks ISD,Houston,4
Crosby ISD,101906,101-906,101906,4815750,Crosby ISD,Houston,4
Channelview ISD,101905,101-905,101905,4813590,Channelview ISD,Houston,4
Alief ISD,101903,101-903,101903,4807830,Alief ISD,Houston,4
Aldine ISD,101902,101-902,101902,4807710,Aldine ISD,Houston,4
La Porte ISD,101916,101-916,101916,4826190,La Porte ISD,Houston,4
Goose Creek Consolidated ISD,101911,101-911,101911,4821150,Goose Creek Consolidated ISD,Houston,4
East Chambers ISD,36903,036-903,36903,4817880,East Chambers ISD,Houston,4
Barbers Hill ISD,36902,036-902,36902,4809450,Barbers Hill ISD,Houston,4
Anahuac ISD,36901,036-901,36901,4808190,Anahuac ISD,Houston,4
Pearland ISD,20908,020-908,20908,4834440,Pearland ISD,Houston,4
Danbury ISD,20904,020-904,20904,4816290,Danbury ISD,Houston,4
Columbia-Brazoria ISD,20907,020-907,20907,4814670,Columbia-Brazoria ISD,Houston,4
Brazosport ISD,20905,020-905,20905,4811190,Brazosport ISD,Houston,4
Angleton ISD,20902,020-902,20902,4808310,Angleton ISD,Houston,4
Alvin ISD,20901,020-901,20901,4808090,Alvin ISD,Houston,4
Santa Fe ISD,84909,084-909,84909,4839270,Santa Fe ISD,Houston,4
Hitchcock ISD,84908,084-908,84908,4823310,Hitchcock ISD,Houston,4
Galveston ISD,84902,084-902,84902,4820280,Galveston ISD,Houston,4
Friendswood ISD,84911,084-911,84911,4819950,Friendswood ISD,Houston,4
Needville ISD,79906,079-906,79906,4832310,Needville ISD,Houston,4
Lamar Cons ISD,79901,079-901,79901,4826580,Lamar Cons ISD,Houston,4
Fort Bend ISD,79907,079-907,79907,4819650,Fort Bend ISD,Houston,4
Stafford MSD,79910,079-910,79910,4841350,Stafford MSD,Houston,4
Sweeny ISD,20906,020-906,20906,4841970,Sweeny ISD,Houston,4
Damon ISD,20910,020-910,20910,4816260,Damon ISD,Houston,4
Evadale ISD,121906,121-906,121906,4818750,Evadale ISD,Beaumont,5
Buna ISD,121903,121-903,121903,4812090,Buna ISD,Beaumont,5
Spurger ISD,229905,229-905,229905,4841340,Spurger ISD,Beaumont,5
High Island ISD,84903,084-903,84903,4823160,High Island ISD,Beaumont,5
Chester ISD,229906,229-906,229906,4813770,Chester ISD,Beaumont,5
West Hardin County Cons ISD,100908,100-908,100908,4845000,West Hardin County Cons ISD,Beaumont,5
West Orange-Cove Cons ISD,181906,181-906,181906,4845090,West Orange-Cove Cons ISD,Beaumont,5
Warren ISD,229904,229-904,229904,4844580,Warren ISD,Beaumont,5
Orangefield ISD,181905,181-905,181905,4833780,Orangefield ISD,Beaumont,5
Silsbee ISD,100904,100-904,100904,4840230,Silsbee ISD,Beaumont,5
Little Cypress-Mauriceville Cons ISD,181908,181-908,181908,4827690,Little Cypress-Mauriceville Cons ISD,Beaumont,5
Kountze ISD,100903,100-903,100903,4825920,Kountze ISD,Beaumont,5
Bridge City ISD,181901,181-901,181901,4811310,Bridge City ISD,Beaumont,5
Lumberton ISD,100907,100-907,100907,4813530,Lumberton ISD,Beaumont,5
Vidor ISD,181907,181-907,181907,4844160,Vidor ISD,Beaumont,5
Hardin-Jefferson ISD,100905,100-905,100905,4822410,Hardin-Jefferson ISD,Beaumont,5
Sabine Pass ISD,123913,123-913,123913,4838490,Sabine Pass ISD,Beaumont,5
Port Neches-Groves ISD,123908,123-908,123908,4835430,Port Neches-Groves ISD,Beaumont,5
Port Arthur ISD,123907,123-907,123907,4835400,Port Arthur ISD,Beaumont,5
Nederland ISD,123905,123-905,123905,4832280,Nederland ISD,Beaumont,5
Hamshire-Fannett ISD,123914,123-914,123914,4822320,Hamshire-Fannett ISD,Beaumont,5
Beaumont ISD,123910,123-910,123910,4809670,Beaumont ISD,Beaumont,5
Deweyville ISD,176903,176-903,176903,4817010,Deweyville ISD,Beaumont,5
Newton ISD,176902,176-902,176902,4832730,Newton ISD,Beaumont,5
Kirbyville Cons ISD,121905,121-905,121905,4825710,Kirbyville Cons ISD,Beaumont,5
Colmesneil ISD,229901,229-901,229901,4814600,Colmesneil ISD,Beaumont,5
Woodville ISD,229903,229-903,229903,4846440,Woodville ISD,Beaumont,5
Burkeville ISD,176901,176-901,176901,4812150,Burkeville ISD,Beaumont,5
Jasper ISD,121904,121-904,121904,4824630,Jasper ISD,Beaumont,5
Brookeland ISD,121902,121-902,121902,4811520,Brookeland ISD,Beaumont,5
Bremond ISD,198901,198-901,198901,4811250,Bremond ISD,Huntsville,6
Centerville ISD (Trinity),228904,228-904,228904,4813380,Centerville ISD (Trinity),Huntsville,6
Apple Springs ISD,228905,228-905,228905,4808490,Apple Springs ISD,Huntsville,6
Trinity ISD,228903,228-903,228903,4843200,Trinity ISD,Huntsville,6
Kennard ISD,113906,113-906,113906,4825470,Kennard ISD,Huntsville,6
Groveton ISD,228901,228-901,228901,4821900,Groveton ISD,Huntsville,6
Lovelady ISD,113903,113-903,113903,4828410,Lovelady ISD,Huntsville,6
Rockdale ISD,166904,166-904,166904,4837590,Rockdale ISD,Huntsville,6
Milano ISD,166903,166-903,166903,4830690,Milano ISD,Huntsville,6
Latexo ISD,113905,113-905,113905,4826910,Latexo ISD,Huntsville,6
Gause ISD,166902,166-902,166902,4820520,Gause ISD,Huntsville,6
Cameron ISD,166901,166-901,166901,4812640,Cameron ISD,Huntsville,6
Grapeland ISD,113902,113-902,113902,4821630,Grapeland ISD,Huntsville,6
Crockett ISD,113901,113-901,113901,4815720,Crockett ISD,Huntsville,6
Buckholts ISD,166907,166-907,166907,4811850,Buckholts ISD,Huntsville,6
Somerville ISD,26902,026-902,26902,4840770,Somerville ISD,Huntsville,6
Snook ISD,26903,026-903,26903,4840620,Snook ISD,Huntsville,6
Caldwell ISD,26901,026-901,26901,4812460,Caldwell ISD,Huntsville,6
Willis ISD,170904,170-904,170904,4845900,Willis ISD,Huntsville,6
Splendora ISD,170907,170-907,170907,4841070,Splendora ISD,Huntsville,6
Montgomery ISD,170903,170-903,170903,4831260,Montgomery ISD,Huntsville,6
Magnolia ISD,170906,170-906,170906,4828740,Magnolia ISD,Huntsville,6
Conroe ISD,170902,170-902,170902,4815000,Conroe ISD,Huntsville,6
Richards ISD,93905,093-905,93905,4836990,Richards ISD,Huntsville,6
New Caney ISD,170908,170-908,170908,4832400,New Caney ISD,Huntsville,6
Burton ISD,239903,239-903,239903,4812240,Burton ISD,Huntsville,6
Brazos ISD,8903,008-903,8903,4844470,Brazos ISD,Huntsville,6
Sealy ISD,8902,008-902,8902,4839630,Sealy ISD,Huntsville,6
Onalaska ISD,187910,187-910,187910,4833690,Onalaska ISD,Huntsville,6
Livingston ISD,187907,187-907,187907,4827780,Livingston ISD,Huntsville,6
Brenham ISD,239901,239-901,239901,4811280,Brenham ISD,Huntsville,6
Bellville ISD,8901,008-901,8901,4809810,Bellville ISD,Huntsville,6
Leggett ISD,187906,187-906,187906,4827120,Leggett ISD,Huntsville,6
Goodrich ISD,187903,187-903,187903,4821090,Goodrich ISD,Huntsville,6
New Waverly ISD,236901,236-901,236901,4832640,New Waverly ISD,Huntsville,6
Corrigan-Camden ISD,187904,187-904,187904,4815300,Corrigan-Camden ISD,Huntsville,6
Huntsville ISD,236902,236-902,236902,4824030,Huntsville ISD,Huntsville,6
Big Sandy ISD (Polk),187901,187-901,187901,4810170,Big Sandy ISD (Polk),Huntsville,6
North Zulch ISD,154903,154-903,154903,4833030,North Zulch ISD,Huntsville,6
Normangee ISD,145906,145-906,145906,4832910,Normangee ISD,Huntsville,6
Shepherd ISD,204904,204-904,204904,4840020,Shepherd ISD,Huntsville,6
Coldspring-Oakhurst Cons ISD,204901,204-901,204901,4814520,Coldspring-Oakhurst Cons ISD,Huntsville,6
Mumford ISD,198906,198-906,198906,4831950,Mumford ISD,Huntsville,6
Hearne ISD,198905,198-905,198905,4822830,Hearne ISD,Huntsville,6
Franklin ISD,198903,198-903,198903,4819740,Franklin ISD,Huntsville,6
Calvert ISD,198902,198-902,198902,4812540,Calvert ISD,Huntsville,6
Leon ISD,145911,145-911,145911,4827180,Leon ISD,Huntsville,6
Navasota ISD,93904,093-904,93904,4832190,Navasota ISD,Huntsville,6
Bryan ISD,21902,021-902,21902,4811790,Bryan ISD,Huntsville,6
College Station ISD,21901,021-901,21901,4807350,College Station ISD,Huntsville,6
Oakwood ISD,145907,145-907,145907,4833340,Oakwood ISD,Huntsville,6
Buffalo ISD,145901,145-901,145901,4811990,Buffalo ISD,Huntsville,6
Centerville ISD (Leon),145902,145-902,145902,4813410,Centerville ISD (Leon),Huntsville,6
Iola ISD,93903,093-903,93903,4824240,Iola ISD,Huntsville,6
Anderson-Shiro Cons ISD,93901,093-901,93901,4808230,Anderson-Shiro Cons ISD,Huntsville,6
Madisonville Cons ISD,154901,154-901,154901,4828710,Madisonville Cons ISD,Huntsville,6
Mineola ISD,250903,250-903,250903,4830930,Mineola ISD,Kilgore,7
Ore City ISD,230903,230-903,230903,4833840,Ore City ISD,Kilgore,7
Woden ISD,174906,174-906,174906,4846320,Woden ISD,Kilgore,7
Nacogdoches ISD,174904,174-904,174904,4832090,Nacogdoches ISD,Kilgore,7
Martinsville ISD,174909,174-909,174909,4829250,Martinsville ISD,Kilgore,7
Douglass ISD,174911,174-911,174911,4817460,Douglass ISD,Kilgore,7
Central Heights ISD,174908,174-908,174908,4813440,Central Heights ISD,Kilgore,7
Frankston ISD,1904,001-904,1904,4819770,Frankston ISD,Kilgore,7
Elkhart ISD,1903,001-903,1903,4818390,Elkhart ISD,Kilgore,7
Winona ISD,212910,212-910,212910,4846230,Winona ISD,Kilgore,7
Whitehouse ISD,212906,212-906,212906,4845600,Whitehouse ISD,Kilgore,7
Tyler ISD,212905,212-905,212905,4843470,Tyler ISD,Kilgore,7
Chapel Hill ISD (Smith),212909,212-909,212909,4813650,Chapel Hill ISD (Smith),Kilgore,7
Cayuga ISD,1902,001-902,1902,4813200,Cayuga ISD,Kilgore,7
Arp ISD,212901,212-901,212901,4808730,Arp ISD,Kilgore,7
Athens ISD,107901,107-901,107901,4808870,Athens ISD,Kilgore,7
Eustace ISD,107905,107-905,107905,4818720,Eustace ISD,Kilgore,7
Waskom ISD,102903,102-903,102903,4844670,Waskom ISD,Kilgore,7
Edgewood ISD (Van Zandt),234903,234-903,234903,4818120,Edgewood ISD (Van Zandt),Kilgore,7
New Diana ISD,230906,230-906,230906,4832460,New Diana ISD,Kilgore,7
Marshall ISD,102902,102-902,102902,4829160,Marshall ISD,Kilgore,7
Brownsboro ISD,107902,107-902,107902,4811640,Brownsboro ISD,Kilgore,7
Karnack ISD,102901,102-901,102901,4825110,Karnack ISD,Kilgore,7
Harleton ISD,102905,102-905,102905,4822500,Harleton ISD,Kilgore,7
Hallsville ISD,102904,102-904,102904,4822170,Hallsville ISD,Kilgore,7
Elysian Fields ISD,102906,102-906,102906,4818480,Elysian Fields ISD,Kilgore,7
Union Hill ISD,230904,230-904,230904,4843560,Union Hill ISD,Kilgore,7
Union Grove ISD,230908,230-908,230908,4843530,Union Grove ISD,Kilgore,7
Harmony ISD,230905,230-905,230905,4822560,Harmony ISD,Kilgore,7
Big Sandy ISD (Upshur),230901,230-901,230901,4810140,Big Sandy ISD (Upshur),Kilgore,7
Yantis ISD,250905,250-905,250905,4846590,Yantis ISD,Kilgore,7
Rains ISD,190903,190-903,190903,4836360,Rains ISD,Kilgore,7
Alba-Golden ISD,250906,250-906,250906,4807650,Alba-Golden ISD,Kilgore,7
White Oak ISD,92908,092-908,92908,4845480,White Oak ISD,Kilgore,7
Spring Hill ISD,92907,092-907,92907,4841190,Spring Hill ISD,Kilgore,7
Sabine ISD,92906,092-906,92906,4838460,Sabine ISD,Kilgore,7
Pine Tree ISD,92904,092-904,92904,4834980,Pine Tree ISD,Kilgore,7
Longview ISD,92903,092-903,92903,4828110,Longview ISD,Kilgore,7
Gilmer ISD,230902,230-902,230902,4820700,Gilmer ISD,Kilgore,7
Gladewater ISD,92901,092-901,92901,4820760,Gladewater ISD,Kilgore,7
Timpson ISD,210905,210-905,210905,4842840,Timpson ISD,Kilgore,7
Excelsior ISD,210906,210-906,210906,4818840,Excelsior ISD,Kilgore,7
Center ISD,210901,210-901,210901,4813320,Center ISD,Kilgore,7
Quitman ISD,250904,250-904,250904,4836300,Quitman ISD,Kilgore,7
Shelbyville ISD,210903,210-903,210903,4839960,Shelbyville ISD,Kilgore,7
Hawkins ISD,250902,250-902,250902,4822770,Hawkins ISD,Kilgore,7
Leveretts Chapel ISD,201904,201-904,201904,4827270,Leveretts Chapel ISD,Kilgore,7
West Rusk County Cons ISD,201914,201-914,201914,4845150,West Rusk County Cons ISD,Kilgore,7
Trinidad ISD,107907,107-907,107907,4843170,Trinidad ISD,Kilgore,7
Overton ISD,201908,201-908,201908,4833870,Overton ISD,Kilgore,7
Murchison ISD,107908,107-908,107908,4832010,Murchison ISD,Kilgore,7
Mount Enterprise ISD,201907,201-907,201907,4831650,Mount Enterprise ISD,Kilgore,7
Laneville ISD,201903,201-903,201903,4826700,Laneville ISD,Kilgore,7
Malakoff ISD,107906,107-906,107906,4828780,Malakoff ISD,Kilgore,7
Henderson ISD,201902,201-902,201902,4822970,Henderson ISD,Kilgore,7
Cross Roads ISD,107904,107-904,107904,4815840,Cross Roads ISD,Kilgore,7
Garrison ISD,174903,174-903,174903,4820400,Garrison ISD,Kilgore,7
Cushing ISD,174902,174-902,174902,4816080,Cushing ISD,Kilgore,7
Kilgore ISD,92902,092-902,92902,4825620,Kilgore ISD,Kilgore,7
Tatum ISD,201910,201-910,201910,4842240,Tatum ISD,Kilgore,7
Rusk ISD,37907,037-907,37907,4838360,Rusk ISD,Kilgore,7
Carlisle ISD,201913,201-913,201913,4812870,Carlisle ISD,Kilgore,7
Troup ISD,212904,212-904,212904,4843230,Troup ISD,Kilgore,7
New Summerfield ISD,37908,037-908,37908,4832610,New Summerfield ISD,Kilgore,7
Jacksonville ISD,37904,037-904,37904,4824590,Jacksonville ISD,Kilgore,7
Bullard ISD,212902,212-902,212902,4812060,Bullard ISD,Kilgore,7
Alto ISD,37901,037-901,37901,4807980,Alto ISD,Kilgore,7
Winnsboro ISD,250907,250-907,250907,4846200,Winnsboro ISD,Kilgore,7
Hemphill ISD,202903,202-903,202903,4822890,Hemphill ISD,Kilgore,7
Gary ISD,183904,183-904,183904,4820460,Gary ISD,Kilgore,7
Broaddus ISD,203902,203-902,203902,4811430,Broaddus ISD,Kilgore,7
Carthage ISD,183902,183-902,183902,4813110,Carthage ISD,Kilgore,7
Beckville ISD,183901,183-901,183901,4809690,Beckville ISD,Kilgore,7
West Sabine ISD,202905,202-905,202905,4845180,West Sabine ISD,Kilgore,7
Tenaha ISD,210904,210-904,210904,4842360,Tenaha ISD,Kilgore,7
Joaquin ISD,210902,210-902,210902,4824810,Joaquin ISD,Kilgore,7
Etoile ISD,174910,174-910,174910,4818660,Etoile ISD,Kilgore,7
Chireno ISD,174901,174-901,174901,4813980,Chireno ISD,Kilgore,7
Lufkin ISD,3903,003-903,3903,4828550,Lufkin ISD,Kilgore,7
San Augustine ISD,203901,203-901,203901,4838760,San Augustine ISD,Kilgore,7
Huntington ISD,3904,003-904,3904,4824000,Huntington ISD,Kilgore,7
Hudson ISD,3902,003-902,3902,4823790,Hudson ISD,Kilgore,7
Zavalla ISD,3906,003-906,3906,4846740,Zavalla ISD,Kilgore,7
Diboll ISD,3905,003-905,3905,4817040,Diboll ISD,Kilgore,7
Central ISD,3907,003-907,3907,4813500,Central ISD,Kilgore,7
Wells ISD,37909,037-909,37909,4844940,Wells ISD,Kilgore,7
Van ISD,234906,234-906,234906,4843920,Van ISD,Kilgore,7
Martins Mill ISD,234905,234-905,234905,4829220,Martins Mill ISD,Kilgore,7
Lindale ISD,212903,212-903,212903,4827510,Lindale ISD,Kilgore,7
Grand Saline ISD,234904,234-904,234904,4821450,Grand Saline ISD,Kilgore,7
Westwood ISD,1908,001-908,1908,4843290,Westwood ISD,Kilgore,7
Fruitvale ISD,234909,234-909,234909,4820070,Fruitvale ISD,Kilgore,7
Slocum ISD,1909,001-909,1909,4840500,Slocum ISD,Kilgore,7
Palestine ISD,1907,001-907,1907,4834050,Palestine ISD,Kilgore,7
Neches ISD,1906,001-906,1906,4832250,Neches ISD,Kilgore,7
Lapoynor ISD,107910,107-910,107910,4826220,Lapoynor ISD,Kilgore,7
Jefferson ISD,155901,155-901,155901,4824730,Jefferson ISD,Mt. Pleasant,8
Avinger ISD,34902,034-902,34902,4809090,Avinger ISD,Mt. Pleasant,8
Daingerfield-Lone Star ISD,172902,172-902,172902,4816180,Daingerfield-Lone Star ISD,Mt. Pleasant,8
Chapel Hill ISD (Titus),225906,225-906,225906,4813680,Chapel Hill ISD (Titus),Mt. Pleasant,8
Pewitt Cons ISD,172905,172-905,172905,4834800,Pewitt Cons ISD,Mt. Pleasant,8
Texarkana ISD,19907,019-907,19907,4842480,Texarkana ISD,Mt. Pleasant,8
Simms ISD,19909,019-909,19909,4840320,Simms ISD,Mt. Pleasant,8
Redwater ISD,19906,019-906,19906,4836750,Redwater ISD,Mt. Pleasant,8
Red Lick ISD,19911,019-911,19911,4836630,Red Lick ISD,Mt. Pleasant,8
Pleasant Grove ISD,19912,019-912,19912,4835130,Pleasant Grove ISD,Mt. Pleasant,8
New Boston ISD,19905,019-905,19905,4832340,New Boston ISD,Mt. Pleasant,8
Maud ISD,19903,019-903,19903,4829460,Maud ISD,Mt. Pleasant,8
Malta ISD,19910,019-910,19910,4828830,Malta ISD,Mt. Pleasant,8
Liberty-Eylau ISD,19908,019-908,19908,4827390,Liberty-Eylau ISD,Mt. Pleasant,8
Leary ISD,19914,019-914,19914,4827060,Leary ISD,Mt. Pleasant,8
Hubbard ISD (Bowie),19913,019-913,19913,4823700,Hubbard ISD (Bowie),Mt. Pleasant,8
Hooks ISD,19902,019-902,19902,4823490,Hooks ISD,Mt. Pleasant,8
De Kalb ISD,19901,019-901,19901,4816570,De Kalb ISD,Mt. Pleasant,8
Sulphur Springs ISD,112901,112-901,112901,4841820,Sulphur Springs ISD,Mt. Pleasant,8
North Hopkins ISD,112906,112-906,112906,4832970,North Hopkins ISD,Mt. Pleasant,8
Como-Pickton Cons ISD,112908,112-908,112908,4814880,Como-Pickton Cons ISD,Mt. Pleasant,8
Mount Pleasant ISD,225902,225-902,225902,4831760,Mount Pleasant ISD,Mt. Pleasant,8
Harts Bluff ISD,225907,225-907,225907,4822710,Harts Bluff ISD,Mt. Pleasant,8
Mount Vernon ISD,80901,080-901,80901,4831770,Mount Vernon ISD,Mt. Pleasant,8
Winfield ISD,225905,225-905,225905,4846110,Winfield ISD,Mt. Pleasant,8
Detroit ISD,194905,194-905,194905,4816890,Detroit ISD,Mt. Pleasant,8
Rivercrest ISD,194903,194-903,194903,4842120,Rivercrest ISD,Mt. Pleasant,8
Miller Grove ISD,112907,112-907,112907,4830810,Miller Grove ISD,Mt. Pleasant,8
Prairiland ISD,139912,139-912,139912,4835740,Prairiland ISD,Mt. Pleasant,8
Clarksville ISD,194904,194-904,194904,4814190,Clarksville ISD,Mt. Pleasant,8
North Lamar ISD,139911,139-911,139911,4833010,North Lamar ISD,Mt. Pleasant,8
Pittsburg ISD,32902,032-902,32902,4835010,Pittsburg ISD,Mt. Pleasant,8
Avery ISD,194902,194-902,194902,4809060,Avery ISD,Mt. Pleasant,8
Cumby ISD,112905,112-905,112905,4816020,Cumby ISD,Mt. Pleasant,8
Fannindel ISD,60914,060-914,60914,4819050,Fannindel ISD,Mt. Pleasant,8
Cooper ISD,60902,060-902,60902,4815150,Cooper ISD,Mt. Pleasant,8
Queen City ISD,34907,034-907,34907,4836210,Queen City ISD,Mt. Pleasant,8
McLeod ISD,34906,034-906,34906,4829910,McLeod ISD,Mt. Pleasant,8
Sulphur Bluff ISD,112910,112-910,112910,4841790,Sulphur Bluff ISD,Mt. Pleasant,8
Linden-Kildare Cons ISD,34905,034-905,34905,4827540,Linden-Kildare Cons ISD,Mt. Pleasant,8
Saltillo ISD,112909,112-909,112909,4838610,Saltillo ISD,Mt. Pleasant,8
Chisum ISD,139905,139-905,139905,4800012,Chisum ISD,Mt. Pleasant,8
Hughes Springs ISD,34903,034-903,34903,4823850,Hughes Springs ISD,Mt. Pleasant,8
Bloomburg ISD,34909,034-909,34909,4810440,Bloomburg ISD,Mt. Pleasant,8
Atlanta ISD,34901,034-901,34901,4808880,Atlanta ISD,Mt. Pleasant,8
Roxton ISD,139908,139-908,139908,4838160,Roxton ISD,Mt. Pleasant,8
Paris ISD,139909,139-909,139909,4834290,Paris ISD,Mt. Pleasant,8
Henrietta ISD,39902,039-902,39902,4822980,Henrietta ISD,Wichita Falls,9
Petrolia Cons ISD,39903,039-903,39903,4834710,Petrolia Cons ISD,Wichita Falls,9
Bellevue ISD,39904,039-904,39904,4809750,Bellevue ISD,Wichita Falls,9
Gold-Burg ISD,169906,169-906,169906,4820970,Gold-Burg ISD,Wichita Falls,9
Newcastle ISD,252902,252-902,252902,4832700,Newcastle ISD,Wichita Falls,9
Graham ISD,252901,252-901,252901,4821360,Graham ISD,Wichita Falls,9
Forestburg ISD,169910,169-910,169910,4819530,Forestburg ISD,Wichita Falls,9
Saint Jo ISD,169911,169-911,169911,4838520,Saint Jo ISD,Wichita Falls,9
Windthorst ISD,5904,005-904,5904,4846080,Windthorst ISD,Wichita Falls,9
Olney ISD,252903,252-903,252903,4833630,Olney ISD,Wichita Falls,9
Jacksboro ISD,119902,119-902,119902,4824530,Jacksboro ISD,Wichita Falls,9
Northside ISD (Wilbarger),244905,244-905,244905,4833090,Northside ISD (Wilbarger),Wichita Falls,9
Harrold ISD,244901,244-901,244901,4822620,Harrold ISD,Wichita Falls,9
Iowa Park Cons ISD,243903,243-903,243903,4824260,Iowa Park Cons ISD,Wichita Falls,9
Holliday ISD,5902,005-902,5902,4823400,Holliday ISD,Wichita Falls,9
Archer City ISD,5901,005-901,5901,4808610,Archer City ISD,Wichita Falls,9
Prairie Valley ISD,169909,169-909,169909,4835730,Prairie Valley ISD,Wichita Falls,9
Nocona ISD,169902,169-902,169902,4832790,Nocona ISD,Wichita Falls,9
Montague ISD,169908,169-908,169908,4831200,Montague ISD,Wichita Falls,9
Benjamin ISD,138904,138-904,138904,4809980,Benjamin ISD,Wichita Falls,9
Perrin-Whitt Cons ISD,119903,119-903,119903,4834630,Perrin-Whitt Cons ISD,Wichita Falls,9
Midway ISD (Clay),39905,039-905,39905,4830660,Midway ISD (Clay),Wichita Falls,9
Bryson ISD,119901,119-901,119901,4811820,Bryson ISD,Wichita Falls,9
Bowie ISD,169901,169-901,169901,4810990,Bowie ISD,Wichita Falls,9
Seymour ISD,12901,012-901,12901,4839780,Seymour ISD,Wichita Falls,9
Vernon ISD,244903,244-903,244903,4844110,Vernon ISD,Wichita Falls,9
Crowell ISD,78901,078-901,78901,4815870,Crowell ISD,Wichita Falls,9
City View ISD,243906,243-906,243906,4814130,City View ISD,Wichita Falls,9
Wichita Falls ISD,243905,243-905,243905,4845780,Wichita Falls ISD,Wichita Falls,9
Electra ISD,243902,243-902,243902,4818330,Electra ISD,Wichita Falls,9
Burkburnett ISD,243901,243-901,243901,4812120,Burkburnett ISD,Wichita Falls,9
Chillicothe ISD,99902,099-902,99902,4813890,Chillicothe ISD,Wichita Falls,9
Quanah ISD,99903,099-903,99903,4836180,Quanah ISD,Wichita Falls,9
Knox City-O'Brien Cons ISD,138902,138-902,138902,4825870,Knox City-O'Brien Cons ISD,Wichita Falls,9
Woodson ISD,224902,224-902,224902,4846410,Woodson ISD,Wichita Falls,9
Throckmorton ISD,224901,224-901,224901,4842780,Throckmorton ISD,Wichita Falls,9
Munday Cons ISD,138903,138-903,138903,4831970,Munday Cons ISD,Wichita Falls,9
Waxahachie ISD,70912,070-912,70912,4844730,Waxahachie ISD,Richardson,10
Red Oak ISD,70911,070-911,70911,4836660,Red Oak ISD,Richardson,10
Palmer ISD,70910,070-910,70910,4834110,Palmer ISD,Richardson,10
Milford ISD,70909,070-909,70909,4830780,Milford ISD,Richardson,10
Midlothian ISD,70908,070-908,70908,4830600,Midlothian ISD,Richardson,10
Maypearl ISD,70915,070-915,70915,4829580,Maypearl ISD,Richardson,10
Italy ISD,70907,070-907,70907,4824450,Italy ISD,Richardson,10
Ennis ISD,70903,070-903,70903,4818540,Ennis ISD,Richardson,10
Avalon ISD,70901,070-901,70901,4809030,Avalon ISD,Richardson,10
Kemp ISD,129904,129-904,129904,4825320,Kemp ISD,Richardson,10
Kaufman ISD,129903,129-903,129903,4825200,Kaufman ISD,Richardson,10
Canton ISD,234902,234-902,234902,4812750,Canton ISD,Richardson,10
Wills Point ISD,234907,234-907,234907,4845950,Wills Point ISD,Richardson,10
Mabank ISD,129905,129-905,129905,4828680,Mabank ISD,Richardson,10
Greenville ISD,116905,116-905,116905,4821720,Greenville ISD,Richardson,10
Celeste ISD,116902,116-902,116902,4813260,Celeste ISD,Richardson,10
Caddo Mills ISD,116901,116-901,116901,4812390,Caddo Mills ISD,Richardson,10
Royse City ISD,199902,199-902,199902,4838220,Royse City ISD,Richardson,10
Bland ISD,116915,116-915,116915,4810350,Bland ISD,Richardson,10
Lancaster ISD,57913,057-913,57913,4826670,Lancaster ISD,Richardson,10
Irving ISD,57912,057-912,57912,4824420,Irving ISD,Richardson,10
Farmersville ISD,43904,043-904,43904,4819080,Farmersville ISD,Richardson,10
Highland Park ISD (Dallas),57911,057-911,57911,4823250,Highland Park ISD (Dallas),Richardson,10
Prosper ISD,43912,043-912,43912,4836000,Prosper ISD,Richardson,10
Grand Prairie ISD,57910,057-910,57910,4821420,Grand Prairie ISD,Richardson,10
Frisco ISD,43905,043-905,43905,4820010,Frisco ISD,Richardson,10
Allen ISD,43901,043-901,43901,4807890,Allen ISD,Richardson,10
Duncanville ISD,57907,057-907,57907,4817640,Duncanville ISD,Richardson,10
Melissa ISD,43908,043-908,43908,4830120,Melissa ISD,Richardson,10
DeSoto ISD,57906,057-906,57906,4816860,DeSoto ISD,Richardson,10
McKinney ISD,43907,043-907,43907,4829850,McKinney ISD,Richardson,10
Coppell ISD,57922,057-922,57922,4815210,Coppell ISD,Richardson,10
Cedar Hill ISD,57904,057-904,57904,4813230,Cedar Hill ISD,Richardson,10
Ferris ISD,70905,070-905,70905,4819170,Ferris ISD,Richardson,10
Carrollton-Farmers Branch ISD,57903,057-903,57903,4813050,Carrollton-Farmers Branch ISD,Richardson,10
Campbell ISD,116910,116-910,116910,4812660,Campbell ISD,Richardson,10
Boles ISD,116916,116-916,116916,4810740,Boles ISD,Richardson,10
Lone Oak ISD,116906,116-906,116906,4828020,Lone Oak ISD,Richardson,10
Sam Rayburn ISD,74917,074-917,74917,4838640,Sam Rayburn ISD,Richardson,10
Terrell ISD,129906,129-906,129906,4842450,Terrell ISD,Richardson,10
Quinlan ISD,116908,116-908,116908,4836240,Quinlan ISD,Richardson,10
Honey Grove ISD,74907,074-907,74907,4823460,Honey Grove ISD,Richardson,10
Wolfe City ISD,116909,116-909,116909,4846350,Wolfe City ISD,Richardson,10
Dodd City ISD,74904,074-904,74904,4817280,Dodd City ISD,Richardson,10
Wylie ISD (Collin),43914,043-914,43914,4846530,Wylie ISD (Collin),Richardson,10
Rockwall ISD,199901,199-901,199901,4837650,Rockwall ISD,Richardson,10
Garland ISD,57909,057-909,57909,4820340,Garland ISD,Richardson,10
Commerce ISD,116903,116-903,116903,4814820,Commerce ISD,Richardson,10
Community ISD,43918,043-918,43918,4814850,Community ISD,Richardson,10
Leonard ISD,74909,074-909,74909,4827210,Leonard ISD,Richardson,10
Princeton ISD,43911,043-911,43911,4835850,Princeton ISD,Richardson,10
Plano ISD,43910,043-910,43910,4835100,Plano ISD,Richardson,10
Lovejoy ISD,43919,043-919,43919,4828380,Lovejoy ISD,Richardson,10
Richardson ISD,57916,057-916,57916,4837020,Richardson ISD,Richardson,10
Mesquite ISD,57914,057-914,57914,4830390,Mesquite ISD,Richardson,10
Forney ISD,129902,129-902,129902,4819560,Forney ISD,Richardson,10
Crandall ISD,129901,129-901,129901,4815510,Crandall ISD,Richardson,10
Sunnyvale ISD,57919,057-919,57919,4841880,Sunnyvale ISD,Richardson,10
Dallas ISD,57905,057-905,57905,4816230,Dallas ISD,Richardson,10
Tioga ISD,91907,091-907,91907,4842870,Tioga ISD,Richardson,10
Scurry-Rosser ISD,129910,129-910,129910,4839570,Scurry-Rosser ISD,Richardson,10
Sherman ISD,91906,091-906,91906,4840080,Sherman ISD,Richardson,10
S and S Cons ISD,91914,091-914,91914,4838400,S and S Cons ISD,Richardson,10
Pottsboro ISD,91913,091-913,91913,4835580,Pottsboro ISD,Richardson,10
Denison ISD,91903,091-903,91903,4816710,Denison ISD,Richardson,10
Bells ISD,91901,091-901,91901,4809780,Bells ISD,Richardson,10
Whitesboro ISD,91909,091-909,91909,4845630,Whitesboro ISD,Richardson,10
Collinsville ISD,91902,091-902,91902,4814580,Collinsville ISD,Richardson,10
Trenton ISD,74912,074-912,74912,4843140,Trenton ISD,Richardson,10
Savoy ISD,74911,074-911,74911,4839450,Savoy ISD,Richardson,10
Ector ISD,74905,074-905,74905,4818030,Ector ISD,Richardson,10
Bonham ISD,74903,074-903,74903,4810800,Bonham ISD,Richardson,10
Tom Bean ISD,91918,091-918,91918,4842930,Tom Bean ISD,Richardson,10
Howe ISD,91905,091-905,91905,4823670,Howe ISD,Richardson,10
Whitewright ISD,91910,091-910,91910,4845670,Whitewright ISD,Richardson,10
Van Alstyne ISD,91908,091-908,91908,4843890,Van Alstyne ISD,Richardson,10
Gunter ISD,91917,091-917,91917,4821960,Gunter ISD,Richardson,10
Celina ISD,43903,043-903,43903,4813290,Celina ISD,Richardson,10
Blue Ridge ISD,43917,043-917,43917,4810590,Blue Ridge ISD,Richardson,10
Anna ISD,43902,043-902,43902,4808340,Anna ISD,Richardson,10
Birdville ISD,220902,220-902,220902,4810230,Birdville ISD,Fort Worth,11
Venus ISD,126908,126-908,126908,4844010,Venus ISD,Fort Worth,11
Mansfield ISD,220908,220-908,220908,4828920,Mansfield ISD,Fort Worth,11
Burleson ISD,126902,126-902,126902,4812180,Burleson ISD,Fort Worth,11
Tolar ISD,111903,111-903,111903,4842900,Tolar ISD,Fort Worth,11
Fort Worth ISD,220905,220-905,220905,4819700,Fort Worth ISD,Fort Worth,11
Aledo ISD,184907,184-907,184907,4807780,Aledo ISD,Fort Worth,11
Crowley ISD,220912,220-912,220912,4815910,Crowley ISD,Fort Worth,11
Three Way ISD,72901,072-901,72901,4842720,Three Way ISD,Fort Worth,11
Alvord ISD,249901,249-901,249901,4808100,Alvord ISD,Fort Worth,11
Slidell ISD,249908,249-908,249908,4840470,Slidell ISD,Fort Worth,11
Stephenville ISD,72903,072-903,72903,4841520,Stephenville ISD,Fort Worth,11
Santo ISD,182904,182-904,182904,4839390,Santo ISD,Fort Worth,11
Morgan Mill ISD,72910,072-910,72910,4831410,Morgan Mill ISD,Fort Worth,11
Gordon ISD,182901,182-901,182901,4821180,Gordon ISD,Fort Worth,11
Sivells Bend ISD,49909,049-909,49909,4840380,Sivells Bend ISD,Fort Worth,11
Dublin ISD,72902,072-902,72902,4817580,Dublin ISD,Fort Worth,11
Muenster ISD,49902,049-902,49902,4831860,Muenster ISD,Fort Worth,11
Paradise ISD,249906,249-906,249906,4834260,Paradise ISD,Fort Worth,11
Lindsay ISD,49907,049-907,49907,4827570,Lindsay ISD,Fort Worth,11
Gainesville ISD,49901,049-901,49901,4820220,Gainesville ISD,Fort Worth,11
Decatur ISD,249905,249-905,249905,4816500,Decatur ISD,Fort Worth,11
Era ISD,49906,049-906,49906,4818600,Era ISD,Fort Worth,11
Chico ISD,249904,249-904,249904,4813800,Chico ISD,Fort Worth,11
Sanger ISD,61908,061-908,61908,4839180,Sanger ISD,Fort Worth,11
Bridgeport ISD,249903,249-903,249903,4811340,Bridgeport ISD,Fort Worth,11
Ponder ISD,61906,061-906,61906,4835310,Ponder ISD,Fort Worth,11
Boyd ISD,249902,249-902,249902,4811010,Boyd ISD,Fort Worth,11
Springtown ISD,184902,184-902,184902,4841280,Springtown ISD,Fort Worth,11
Poolville ISD,184901,184-901,184901,4835340,Poolville ISD,Fort Worth,11
Krum ISD,61905,061-905,61905,4825980,Krum ISD,Fort Worth,11
Peaster ISD,184908,184-908,184908,4834500,Peaster ISD,Fort Worth,11
Graford ISD,182902,182-902,182902,4821330,Graford ISD,Fort Worth,11
Garner ISD,184911,184-911,184911,4820370,Garner ISD,Fort Worth,11
Aubrey ISD,61907,061-907,61907,4808910,Aubrey ISD,Fort Worth,11
Lake Dallas ISD,61912,061-912,61912,4826430,Lake Dallas ISD,Fort Worth,11
Argyle ISD,61910,061-910,61910,4808670,Argyle ISD,Fort Worth,11
Little Elm ISD,61914,061-914,61914,4827720,Little Elm ISD,Fort Worth,11
Huckabay ISD,72908,072-908,72908,4823760,Huckabay ISD,Fort Worth,11
Strawn ISD,182905,182-905,182905,4841700,Strawn ISD,Fort Worth,11
Denton ISD,61901,061-901,61901,4816740,Denton ISD,Fort Worth,11
Palo Pinto ISD,182906,182-906,182906,4834140,Palo Pinto ISD,Fort Worth,11
Lewisville ISD,61902,061-902,61902,4827300,Lewisville ISD,Fort Worth,11
Mineral Wells ISD,182903,182-903,182903,4830950,Mineral Wells ISD,Fort Worth,11
Millsap ISD,184904,184-904,184904,4830870,Millsap ISD,Fort Worth,11
Lingleville ISD,72909,072-909,72909,4827600,Lingleville ISD,Fort Worth,11
Cleburne ISD,126903,126-903,126903,4814310,Cleburne ISD,Fort Worth,11
Rio Vista ISD,126907,126-907,126907,4837200,Rio Vista ISD,Fort Worth,11
Grapevine-Colleyville ISD,220906,220-906,220906,4821660,Grapevine-Colleyville ISD,Fort Worth,11
Keene ISD,126906,126-906,126906,4825230,Keene ISD,Fort Worth,11
Joshua ISD,126905,126-905,126905,4824930,Joshua ISD,Fort Worth,11
Grandview ISD,126904,126-904,126904,4821540,Grandview ISD,Fort Worth,11
Granbury ISD,111901,111-901,111901,4821390,Granbury ISD,Fort Worth,11
Godley ISD,126911,126-911,126911,4820960,Godley ISD,Fort Worth,11
Alvarado ISD,126901,126-901,126901,4800011,Alvarado ISD,Fort Worth,11
Glen Rose ISD,213901,213-901,213901,4820850,Glen Rose ISD,Fort Worth,11
Bluff Dale ISD,72904,072-904,72904,4810620,Bluff Dale ISD,Fort Worth,11
White Settlement ISD,220920,220-920,220920,4845540,White Settlement ISD,Fort Worth,11
Lake Worth ISD,220910,220-910,220910,4826490,Lake Worth ISD,Fort Worth,11
Kennedale ISD,220914,220-914,220914,4825500,Kennedale ISD,Fort Worth,11
Keller ISD,220907,220-907,220907,4825260,Keller ISD,Fort Worth,11
Hurst-Euless-Bedford ISD,220916,220-916,220916,4824060,Hurst-Euless-Bedford ISD,Fort Worth,11
Everman ISD,220904,220-904,220904,4818810,Everman ISD,Fort Worth,11
Eagle Mountain-Saginaw ISD,220918,220-918,220918,4817700,Eagle Mountain-Saginaw ISD,Fort Worth,11
Castleberry ISD,220917,220-917,220917,4813170,Castleberry ISD,Fort Worth,11
Carroll ISD,220919,220-919,220919,4813020,Carroll ISD,Fort Worth,11
Arlington ISD,220901,220-901,220901,4808700,Arlington ISD,Fort Worth,11
Azle ISD,220915,220-915,220915,4809200,Azle ISD,Fort Worth,11
Northwest ISD,61911,061-911,61911,4833180,Northwest ISD,Fort Worth,11
Valley View ISD (Cooke),49903,049-903,49903,4843860,Valley View ISD (Cooke),Fort Worth,11
Lipan ISD,111902,111-902,111902,4827630,Lipan ISD,Fort Worth,11
Weatherford ISD,184903,184-903,184903,4844800,Weatherford ISD,Fort Worth,11
Brock ISD,184909,184-909,184909,4811460,Brock ISD,Fort Worth,11
Walnut Bend ISD,49908,049-908,49908,4844490,Walnut Bend ISD,Fort Worth,11
Callisburg ISD,49905,049-905,49905,4812510,Callisburg ISD,Fort Worth,11
Pilot Point ISD,61903,061-903,61903,4834920,Pilot Point ISD,Fort Worth,11
Temple ISD,14909,014-909,14909,4842330,Temple ISD,Waco,12
Corsicana ISD,175903,175-903,175903,4815330,Corsicana ISD,Waco,12
Chilton ISD,73901,073-901,73901,4813920,Chilton ISD,Waco,12
Frost ISD,175905,175-905,175905,4820040,Frost ISD,Waco,12
Lometa ISD,141902,141-902,141902,4827960,Lometa ISD,Waco,12
Meridian ISD,18902,018-902,18902,4830300,Meridian ISD,Waco,12
Clifton ISD,18901,018-901,18901,4814400,Clifton ISD,Waco,12
Goldthwaite Cons ISD,167901,167-901,167901,4821000,Goldthwaite Cons ISD,Waco,12
Iredell ISD,18906,018-906,18906,4824360,Iredell ISD,Waco,12
Cranfills Gap ISD,18908,018-908,18908,4815570,Cranfills Gap ISD,Waco,12
Westphalia ISD,73904,073-904,73904,4845330,Westphalia ISD,Waco,12
Robinson ISD,161922,161-922,161922,4837410,Robinson ISD,Waco,12
Jonesboro ISD,50909,050-909,50909,4824900,Jonesboro ISD,Waco,12
Riesel ISD,161912,161-912,161912,4837110,Riesel ISD,Waco,12
Evant ISD,50901,050-901,50901,4818780,Evant ISD,Waco,12
Mart ISD,161908,161-908,161908,4829190,Mart ISD,Waco,12
Hico ISD,97903,097-903,97903,4823070,Hico ISD,Waco,12
Marlin ISD,73903,073-903,73903,4829130,Marlin ISD,Waco,12
Hamilton ISD,97902,097-902,97902,4822230,Hamilton ISD,Waco,12
Lorena ISD,161907,161-907,161907,4828200,Lorena ISD,Waco,12
Groesbeck ISD,147902,147-902,147902,4821810,Groesbeck ISD,Waco,12
Waco ISD,161914,161-914,161914,4844280,Waco ISD,Waco,12
Coolidge ISD,147901,147-901,147901,4815120,Coolidge ISD,Waco,12
Midway ISD (McLennan),161903,161-903,161903,4830640,Midway ISD (McLennan),Waco,12
Mount Calm ISD,109910,109-910,109910,4831620,Mount Calm ISD,Waco,12
McGregor ISD,161909,161-909,161909,4829820,McGregor ISD,Waco,12
Hubbard ISD (Hill),109905,109-905,109905,4823730,Hubbard ISD (Hill),Waco,12
La Vega ISD,161906,161-906,161906,4826280,La Vega ISD,Waco,12
Axtell ISD,161918,161-918,161918,4809150,Axtell ISD,Waco,12
Hallsburg ISD,161924,161-924,161924,4822140,Hallsburg ISD,Waco,12
Connally ISD,161921,161-921,161921,4814970,Connally ISD,Waco,12
Bosqueville ISD,161923,161-923,161923,4810910,Bosqueville ISD,Waco,12
West ISD,161916,161-916,161916,4845040,West ISD,Waco,12
China Spring ISD,161920,161-920,161920,4813960,China Spring ISD,Waco,12
Valley Mills ISD,18904,018-904,18904,4843760,Valley Mills ISD,Waco,12
Oglesby ISD,50904,050-904,50904,4833420,Oglesby ISD,Waco,12
Crawford ISD,161901,161-901,161901,4815600,Crawford ISD,Waco,12
Salado ISD,14908,014-908,14908,4838580,Salado ISD,Waco,12
Rogers ISD,14907,014-907,14907,4837710,Rogers ISD,Waco,12
Holland ISD,14905,014-905,14905,4823370,Holland ISD,Waco,12
Belton ISD,14903,014-903,14903,4809860,Belton ISD,Waco,12
Academy ISD,14901,014-901,14901,4807470,Academy ISD,Waco,12
Bartlett ISD,14902,014-902,14902,4809540,Bartlett ISD,Waco,12
Troy ISD,14910,014-910,14910,4843260,Troy ISD,Waco,12
Rosebud-Lott ISD,73905,073-905,73905,4837900,Rosebud-Lott ISD,Waco,12
Bruceville-Eddy ISD,161919,161-919,161919,4811730,Bruceville-Eddy ISD,Waco,12
Moody ISD,161910,161-910,161910,4831290,Moody ISD,Waco,12
Rice ISD,175911,175-911,175911,4836960,Rice ISD,Waco,12
Lampasas ISD,141901,141-901,141901,4826640,Lampasas ISD,Waco,12
Mildred ISD,175910,175-910,175910,4830720,Mildred ISD,Waco,12
Killeen ISD,14906,014-906,14906,4825660,Killeen ISD,Waco,12
Kerens ISD,175907,175-907,175907,4825530,Kerens ISD,Waco,12
Gatesville ISD,50902,050-902,50902,4820500,Gatesville ISD,Waco,12
Blooming Grove ISD,175902,175-902,175902,4810470,Blooming Grove ISD,Waco,12
Copperas Cove ISD,50910,050-910,50910,4815240,Copperas Cove ISD,Waco,12
Dawson ISD (Navarro),175904,175-904,175904,4816380,Dawson ISD (Navarro),Waco,12
Bynum ISD,109902,109-902,109902,4812360,Bynum ISD,Waco,12
Whitney ISD,109911,109-911,109911,4845720,Whitney ISD,Waco,12
Penelope ISD,109914,109-914,109914,4834560,Penelope ISD,Waco,12
Dew ISD,81906,081-906,81906,4816980,Dew ISD,Waco,12
Malone ISD,109908,109-908,109908,4828800,Malone ISD,Waco,12
Kopperl ISD,18907,018-907,18907,4825890,Kopperl ISD,Waco,12
Wortham ISD,81905,081-905,81905,4846470,Wortham ISD,Waco,12
Itasca ISD,109907,109-907,109907,4824480,Itasca ISD,Waco,12
Teague ISD,81904,081-904,81904,4842300,Teague ISD,Waco,12
Gholson ISD,161925,161-925,161925,4820610,Gholson ISD,Waco,12
Hillsboro ISD,109904,109-904,109904,4823280,Hillsboro ISD,Waco,12
Covington ISD,109903,109-903,109903,4815480,Covington ISD,Waco,12
Mexia ISD,147903,147-903,147903,4830420,Mexia ISD,Waco,12
Fairfield ISD,81902,081-902,81902,4818940,Fairfield ISD,Waco,12
Blum ISD,109913,109-913,109913,4810650,Blum ISD,Waco,12
Aquilla ISD,109912,109-912,109912,4808520,Aquilla ISD,Waco,12
Abbott ISD,109901,109-901,109901,4807380,Abbott ISD,Waco,12
Priddy ISD,167904,167-904,167904,4835820,Priddy ISD,Waco,12
Mullin ISD,167902,167-902,167902,4831920,Mullin ISD,Waco,12
Walnut Springs ISD,18905,018-905,18905,4844520,Walnut Springs ISD,Waco,12
Morgan ISD,18903,018-903,18903,4831380,Morgan ISD,Waco,12
Round Rock ISD,246909,246-909,246909,4838080,Round Rock ISD,Austin,13
Georgetown ISD,246904,246-904,246904,4820600,Georgetown ISD,Austin,13
Manor ISD,227907,227-907,227907,4828890,Manor ISD,Austin,13
Coupland ISD,246914,246-914,246914,4815420,Coupland ISD,Austin,13
Schertz-Cibolo-Universal City ISD,94902,094-902,94902,4839480,Schertz-Cibolo-Universal City ISD,Austin,13
Comal ISD,46902,046-902,46902,4814730,Comal ISD,Austin,13
Comfort ISD,130902,130-902,130902,4814790,Comfort ISD,Austin,13
Dime Box ISD,144903,144-903,144903,4817130,Dime Box ISD,Austin,13
Nixon-Smiley Cons ISD,89903,089-903,89903,4832740,Nixon-Smiley Cons ISD,Austin,13
Waelder ISD,89905,089-905,89905,4844310,Waelder ISD,Austin,13
Gonzales ISD,89901,089-901,89901,4821060,Gonzales ISD,Austin,13
Prairie Lea ISD,28906,028-906,28906,4835700,Prairie Lea ISD,Austin,13
Luling ISD,28903,028-903,28903,4828590,Luling ISD,Austin,13
Bastrop ISD,11901,011-901,11901,4809570,Bastrop ISD,Austin,13
Smithville ISD,11904,011-904,11904,4840550,Smithville ISD,Austin,13
Hays Cons ISD,105906,105-906,105906,4800010,Hays Cons ISD,Austin,13
Del Valle ISD,227910,227-910,227910,4816620,Del Valle ISD,Austin,13
Wimberley ISD,105905,105-905,105905,4800009,Wimberley ISD,Austin,13
San Marcos Cons ISD,105902,105-902,105902,4838970,San Marcos Cons ISD,Austin,13
Lockhart ISD,28902,028-902,28902,4827870,Lockhart ISD,Austin,13
Thrall ISD,246912,246-912,246912,4842660,Thrall ISD,Austin,13
Thorndale ISD,166905,166-905,166905,4842630,Thorndale ISD,Austin,13
Taylor ISD,246911,246-911,246911,4842280,Taylor ISD,Austin,13
Liberty Hill ISD,246908,246-908,246908,4827420,Liberty Hill ISD,Austin,13
Jarrell ISD,246907,246-907,246907,4824600,Jarrell ISD,Austin,13
Granger ISD,246905,246-905,246905,4821590,Granger ISD,Austin,13
Florence ISD,246902,246-902,246902,4819320,Florence ISD,Austin,13
Pflugerville ISD,227904,227-904,227904,4834830,Pflugerville ISD,Austin,13
Hutto ISD,246906,246-906,246906,4824100,Hutto ISD,Austin,13
McDade ISD,11905,011-905,11905,4829760,McDade ISD,Austin,13
Eanes ISD,227909,227-909,227909,4817760,Eanes ISD,Austin,13
Austin ISD,227901,227-901,227901,4808940,Austin ISD,Austin,13
Dripping Springs ISD,105904,105-904,105904,4800008,Dripping Springs ISD,Austin,13
Marble Falls ISD,27904,027-904,27904,4829010,Marble Falls ISD,Austin,13
Leander ISD,246913,246-913,246913,4827030,Leander ISD,Austin,13
Lake Travis ISD,227913,227-913,227913,4826470,Lake Travis ISD,Austin,13
Lago Vista ISD,227912,227-912,227912,4826400,Lago Vista ISD,Austin,13
Llano ISD,150901,150-901,150901,4827810,Llano ISD,Austin,13
Burnet Cons ISD,27903,027-903,27903,4812220,Burnet Cons ISD,Austin,13
Johnson City ISD,16901,016-901,16901,4824840,Johnson City ISD,Austin,13
Doss Cons CSD,86024,086-024,86024,4817400,Doss Cons CSD,Austin,13
Harper ISD,86902,086-902,86902,4822590,Harper ISD,Austin,13
Seguin ISD,94901,094-901,94901,4839690,Seguin ISD,Austin,13
Navarro ISD,94903,094-903,94903,4832160,Navarro ISD,Austin,13
Marion ISD,94904,094-904,94904,4829100,Marion ISD,Austin,13
New Braunfels ISD,46901,046-901,46901,4832370,New Braunfels ISD,Austin,13
Schulenburg ISD,75903,075-903,75903,4839540,Schulenburg ISD,Austin,13
Round Top-Carmine ISD,75908,075-908,75908,4838100,Round Top-Carmine ISD,Austin,13
La Grange ISD,75902,075-902,75902,4826100,La Grange ISD,Austin,13
Giddings ISD,144901,144-901,144901,4820640,Giddings ISD,Austin,13
Flatonia ISD,75901,075-901,75901,4819280,Flatonia ISD,Austin,13
Fayetteville ISD,75906,075-906,75906,4819140,Fayetteville ISD,Austin,13
Lexington ISD,144902,144-902,144902,4827330,Lexington ISD,Austin,13
Elgin ISD,11902,011-902,11902,4818360,Elgin ISD,Austin,13
Fredericksburg ISD,86901,086-901,86901,4819840,Fredericksburg ISD,Austin,13
Blanco ISD,16902,016-902,16902,4810320,Blanco ISD,Austin,13
Cisco ISD,67902,067-902,67902,4814070,Cisco ISD,Abilene,14
Baird ISD,30903,030-903,30903,4809280,Baird ISD,Abilene,14
Eula ISD,30906,030-906,30906,4818690,Eula ISD,Abilene,14
Stamford ISD,127906,127-906,127906,4841400,Stamford ISD,Abilene,14
Paint Creek ISD,104907,104-907,104907,4833960,Paint Creek ISD,Abilene,14
Merkel ISD,221904,221-904,221904,4830340,Merkel ISD,Abilene,14
Hawley ISD,127904,127-904,127904,4822800,Hawley ISD,Abilene,14
Anson ISD,127901,127-901,127901,4808400,Anson ISD,Abilene,14
Abilene ISD,221901,221-901,221901,4807440,Abilene ISD,Abilene,14
Trent ISD,221905,221-905,221905,4843110,Trent ISD,Abilene,14
Roby Cons ISD,76903,076-903,76903,4837470,Roby Cons ISD,Abilene,14
Hamlin ISD,127903,127-903,127903,4822260,Hamlin ISD,Abilene,14
Lueders-Avoca ISD,127905,127-905,127905,4828530,Lueders-Avoca ISD,Abilene,14
Clyde Cons ISD,30902,030-902,30902,4814450,Clyde Cons ISD,Abilene,14
Moran ISD,209902,209-902,209902,4831320,Moran ISD,Abilene,14
Jim Ned Cons ISD,221911,221-911,221911,4824780,Jim Ned Cons ISD,Abilene,14
Albany ISD,209901,209-901,209901,4807680,Albany ISD,Abilene,14
Breckenridge ISD,215901,215-901,215901,4811220,Breckenridge ISD,Abilene,14
Westbrook ISD,168903,168-903,168903,4845210,Westbrook ISD,Abilene,14
Loraine ISD,168902,168-902,168902,4828170,Loraine ISD,Abilene,14
Ira ISD,208903,208-903,208903,4824300,Ira ISD,Abilene,14
Colorado ISD,168901,168-901,168901,4814640,Colorado ISD,Abilene,14
Sweetwater ISD,177902,177-902,177902,4842030,Sweetwater ISD,Abilene,14
Rotan ISD,76904,076-904,76904,4838040,Rotan ISD,Abilene,14
Roscoe Collegiate ISD,177901,177-901,177901,4837860,Roscoe Collegiate ISD,Abilene,14
Hermleigh ISD,208901,208-901,208901,4823040,Hermleigh ISD,Abilene,14
Wylie ISD (Taylor),221912,221-912,221912,4846500,Wylie ISD (Taylor),Abilene,14
Ranger ISD,67907,067-907,67907,4836480,Ranger ISD,Abilene,14
Highland ISD,177905,177-905,177905,4823190,Highland ISD,Abilene,14
Eastland ISD,67903,067-903,67903,4817960,Eastland ISD,Abilene,14
Cross Plains ISD,30901,030-901,30901,4815810,Cross Plains ISD,Abilene,14
Rising Star ISD,67908,067-908,67908,4837230,Rising Star ISD,Abilene,14
Gorman ISD,67904,067-904,67904,4821270,Gorman ISD,Abilene,14
De Leon ISD,47902,047-902,47902,4816440,De Leon ISD,Abilene,14
Snyder ISD,208902,208-902,208902,4840650,Snyder ISD,Abilene,14
Sidney ISD,47905,047-905,47905,4840170,Sidney ISD,Abilene,14
Gustine ISD,47903,047-903,47903,4821990,Gustine ISD,Abilene,14
Comanche ISD,47901,047-901,47901,4814760,Comanche ISD,Abilene,14
Blackwell Cons ISD,177903,177-903,177903,4800005,Blackwell Cons ISD,Abilene,14
Aspermont ISD,217901,217-901,217901,4800006,Aspermont ISD,Abilene,14
Haskell Cons ISD,104901,104-901,104901,4822740,Haskell Cons ISD,Abilene,14
Rule ISD,104903,104-903,104903,4838280,Rule ISD,Abilene,14
Olfen ISD,200906,200-906,200906,4833570,Olfen ISD,San Angelo,15
Winters ISD,200904,200-904,200904,4846260,Winters ISD,San Angelo,15
Coleman ISD,42901,042-901,42901,4833210,Coleman ISD,San Angelo,15
Miles ISD,200902,200-902,200902,4830750,Miles ISD,San Angelo,15
Brookesmith ISD,25908,025-908,25908,4811550,Brookesmith ISD,San Angelo,15
Ballinger ISD,200901,200-901,200901,4809300,Ballinger ISD,San Angelo,15
Panther Creek Cons ISD,42905,042-905,42905,4800007,Panther Creek Cons ISD,San Angelo,15
Bronte ISD,41901,041-901,41901,4811490,Bronte ISD,San Angelo,15
Sterling City ISD,216901,216-901,216901,4841550,Sterling City ISD,San Angelo,15
Irion County ISD,118902,118-902,118902,4830360,Irion County ISD,San Angelo,15
Early ISD,25909,025-909,25909,4817790,Early ISD,San Angelo,15
Brownwood ISD,25902,025-902,25902,4811700,Brownwood ISD,San Angelo,15
Paint Rock ISD,48903,048-903,48903,4833980,Paint Rock ISD,San Angelo,15
Junction ISD,134901,134-901,134901,4825020,Junction ISD,San Angelo,15
San Felipe-Del Rio Cons ISD,233901,233-901,233901,4838900,San Felipe-Del Rio Cons ISD,San Angelo,15
Comstock ISD,233903,233-903,233903,4814920,Comstock ISD,San Angelo,15
Rochelle ISD,160904,160-904,160904,4837500,Rochelle ISD,San Angelo,15
Lohn ISD,160905,160-905,160905,4827930,Lohn ISD,San Angelo,15
Brady ISD,160901,160-901,160901,4811110,Brady ISD,San Angelo,15
Sonora ISD,218901,218-901,218901,4840800,Sonora ISD,San Angelo,15
Zephyr ISD,25906,025-906,25906,4846770,Zephyr ISD,San Angelo,15
May ISD,25905,025-905,25905,4829520,May ISD,San Angelo,15
Schleicher ISD,207901,207-901,207901,4839510,Schleicher ISD,San Angelo,15
Blanket ISD,25904,025-904,25904,4810380,Blanket ISD,San Angelo,15
Water Valley ISD,226905,226-905,226905,4844710,Water Valley ISD,San Angelo,15
Robert Lee ISD,41902,041-902,41902,4837380,Robert Lee ISD,San Angelo,15
Santa Anna ISD,42903,042-903,42903,4839210,Santa Anna ISD,San Angelo,15
Bangs ISD,25901,025-901,25901,4809390,Bangs ISD,San Angelo,15
Menard ISD,164901,164-901,164901,4830210,Menard ISD,San Angelo,15
San Saba ISD,206901,206-901,206901,4839030,San Saba ISD,San Angelo,15
Mason ISD,157901,157-901,157901,4829280,Mason ISD,San Angelo,15
Eden Cons ISD,48901,048-901,48901,4818070,Eden Cons ISD,San Angelo,15
Richland Springs ISD,206902,206-902,206902,4837080,Richland Springs ISD,San Angelo,15
Rocksprings ISD,69901,069-901,69901,4800003,Rocksprings ISD,San Angelo,15
Cherokee ISD,206903,206-903,206903,4813740,Cherokee ISD,San Angelo,15
Wall ISD,226906,226-906,226906,4844410,Wall ISD,San Angelo,15
Veribest ISD,226908,226-908,226908,4844040,Veribest ISD,San Angelo,15
Nueces Canyon Cons ISD,69902,069-902,69902,4833240,Nueces Canyon Cons ISD,San Angelo,15
San Angelo ISD,226903,226-903,226903,4838700,San Angelo ISD,San Angelo,15
Grape Creek ISD,226907,226-907,226907,4821600,Grape Creek ISD,San Angelo,15
Christoval ISD,226901,226-901,226901,4814010,Christoval ISD,San Angelo,15
Crockett County Cons CSD,53001,053-001,53001,4815690,Crockett County Cons CSD,San Angelo,15
Tulia ISD,219903,219-903,219903,4843320,Tulia ISD,Amarillo,16
Memphis ISD,96904,096-904,96904,4830180,Memphis ISD,Amarillo,16
Silverton ISD,23902,023-902,23902,4840290,Silverton ISD,Amarillo,16
Nazareth ISD,35903,035-903,35903,4832220,Nazareth ISD,Amarillo,16
Hart ISD,35902,035-902,35902,4822650,Hart ISD,Amarillo,16
Dimmitt ISD,35901,035-901,35901,4817160,Dimmitt ISD,Amarillo,16
Canadian ISD,106901,106-901,106901,4812700,Canadian ISD,Amarillo,16
Booker ISD,148901,148-901,148901,4810830,Booker ISD,Amarillo,16
Claude ISD,6902,006-902,6902,4814250,Claude ISD,Amarillo,16
Hartley ISD,103902,103-902,103902,4822680,Hartley ISD,Amarillo,16
Channing ISD,103901,103-901,103901,4813620,Channing ISD,Amarillo,16
Groom ISD,33901,033-901,33901,4821840,Groom ISD,Amarillo,16
Dalhart ISD,56901,056-901,56901,4816200,Dalhart ISD,Amarillo,16
Clarendon ISD,65901,065-901,65901,4814160,Clarendon ISD,Amarillo,16
Happy ISD,219901,219-901,219901,4822350,Happy ISD,Amarillo,16
Boys Ranch ISD,180901,180-901,180901,4811040,Boys Ranch ISD,Amarillo,16
Vega ISD,180902,180-902,180902,4843980,Vega ISD,Amarillo,16
Panhandle ISD,33902,033-902,33902,4834230,Panhandle ISD,Amarillo,16
Adrian ISD,180903,180-903,180903,4807500,Adrian ISD,Amarillo,16
Sanford-Fritch ISD,117903,117-903,117903,4839150,Sanford-Fritch ISD,Amarillo,16
Walcott ISD,59902,059-902,59902,4844370,Walcott ISD,Amarillo,16
Pringle-Morse Cons ISD,98903,098-903,98903,4835890,Pringle-Morse Cons ISD,Amarillo,16
Plemons-Stinnett-Phillips Cons ISD,117904,117-904,117904,4841580,Plemons-Stinnett-Phillips Cons ISD,Amarillo,16
Spring Creek ISD,117907,117-907,117907,4841130,Spring Creek ISD,Amarillo,16
Borger ISD,117901,117-901,117901,4810890,Borger ISD,Amarillo,16
Spearman ISD,98904,098-904,98904,4841010,Spearman ISD,Amarillo,16
Kress ISD,219905,219-905,219905,4825950,Kress ISD,Amarillo,16
Higgins ISD,148903,148-903,148903,4823140,Higgins ISD,Amarillo,16
Follett ISD,148902,148-902,148902,4819500,Follett ISD,Amarillo,16
Darrouzett ISD,148905,148-905,148905,4816320,Darrouzett ISD,Amarillo,16
Texhoma ISD,211901,211-901,211901,4842540,Texhoma ISD,Amarillo,16
Gruver ISD,98901,098-901,98901,4821930,Gruver ISD,Amarillo,16
Hedley ISD,65902,065-902,65902,4822850,Hedley ISD,Amarillo,16
Lazbuddie ISD,185904,185-904,185904,4826970,Lazbuddie ISD,Amarillo,16
Hereford ISD,59901,059-901,59901,4823010,Hereford ISD,Amarillo,16
Stratford ISD,211902,211-902,211902,4841670,Stratford ISD,Amarillo,16
Perryton ISD,179901,179-901,179901,4834650,Perryton ISD,Amarillo,16
Friona ISD,185903,185-903,185903,4819980,Friona ISD,Amarillo,16
Bovina ISD,185901,185-901,185901,4810950,Bovina ISD,Amarillo,16
Turkey-Quitaque ISD,96905,096-905,96905,4843400,Turkey-Quitaque ISD,Amarillo,16
Farwell ISD,185902,185-902,185902,4819110,Farwell ISD,Amarillo,16
White Deer ISD,33904,033-904,33904,4845450,White Deer ISD,Amarillo,16
Wheeler ISD,242903,242-903,242903,4845420,Wheeler ISD,Amarillo,16
Pampa ISD,90904,090-904,90904,4834170,Pampa ISD,Amarillo,16
Miami ISD,197902,197-902,197902,4830480,Miami ISD,Amarillo,16
Lefors ISD,90902,090-902,90902,4827090,Lefors ISD,Amarillo,16
Grandview-Hopkins ISD,90905,090-905,90905,4821560,Grandview-Hopkins ISD,Amarillo,16
Fort Elliott Cons ISD,242906,242-906,242906,4811400,Fort Elliott Cons ISD,Amarillo,16
Wellington ISD,44902,044-902,44902,4844890,Wellington ISD,Amarillo,16
McLean ISD,90903,090-903,90903,4829880,McLean ISD,Amarillo,16
Childress ISD,38901,038-901,38901,4813860,Childress ISD,Amarillo,16
Bushland ISD,188904,188-904,188904,4835570,Bushland ISD,Amarillo,16
River Road ISD,188902,188-902,188902,4837260,River Road ISD,Amarillo,16
Highland Park ISD (Potter),188903,188-903,188903,4835560,Highland Park ISD (Potter),Amarillo,16
Amarillo ISD,188901,188-901,188901,4808130,Amarillo ISD,Amarillo,16
Sunray ISD,171902,171-902,171902,4841910,Sunray ISD,Amarillo,16
Wildorado ISD,180904,180-904,180904,4845840,Wildorado ISD,Amarillo,16
Canyon ISD,191901,191-901,191901,4812810,Canyon ISD,Amarillo,16
Dumas ISD,171901,171-901,171901,4817610,Dumas ISD,Amarillo,16
Texline ISD,56902,056-902,56902,4842570,Texline ISD,Amarillo,16
Kelton ISD,242905,242-905,242905,4825290,Kelton ISD,Amarillo,16
Shamrock ISD,242902,242-902,242902,4839900,Shamrock ISD,Amarillo,16
Patton Springs ISD,63906,063-906,63906,4834380,Patton Springs ISD,Lubbock,17
Spur ISD,63903,063-903,63903,4800002,Spur ISD,Lubbock,17
Ropes ISD,110905,110-905,110905,4837830,Ropes ISD,Lubbock,17
Meadow ISD,223902,223-902,223902,4830000,Meadow ISD,Lubbock,17
Springlake-Earth ISD,140907,140-907,140907,4841250,Springlake-Earth ISD,Lubbock,17
Wellman-Union Cons ISD,223904,223-904,223904,4844910,Wellman-Union Cons ISD,Lubbock,17
Wilson ISD,153907,153-907,153907,4845990,Wilson ISD,Lubbock,17
Post ISD,85902,085-902,85902,4835490,Post ISD,Lubbock,17
New Home ISD,153905,153-905,153905,4832490,New Home ISD,Lubbock,17
Slaton ISD,152903,152-903,152903,4840440,Slaton ISD,Lubbock,17
Loop ISD,83902,083-902,83902,4828140,Loop ISD,Lubbock,17
Tahoka ISD,153904,153-904,153904,4842090,Tahoka ISD,Lubbock,17
Southland ISD,85903,085-903,85903,4840890,Southland ISD,Lubbock,17
Seminole ISD,83903,083-903,83903,4839750,Seminole ISD,Lubbock,17
O'Donnell ISD,153903,153-903,153903,4833390,O'Donnell ISD,Lubbock,17
Dawson ISD (Dawson),58902,058-902,58902,4816350,Dawson ISD (Dawson),Lubbock,17
Guthrie CSD,135001,135-001,135001,4822020,Guthrie CSD,Lubbock,17
Olton ISD,140905,140-905,140905,4833660,Olton ISD,Lubbock,17
Lubbock ISD,152901,152-901,152901,4828500,Lubbock ISD,Lubbock,17
Hale Center ISD,95903,095-903,95903,4822050,Hale Center ISD,Lubbock,17
Idalou ISD,152910,152-910,152910,4824120,Idalou ISD,Lubbock,17
Cotton Center ISD,95902,095-902,95902,4815360,Cotton Center ISD,Lubbock,17
Frenship ISD,152907,152-907,152907,4819830,Frenship ISD,Lubbock,17
Abernathy ISD,95901,095-901,95901,4807410,Abernathy ISD,Lubbock,17
Lubbock-Cooper ISD,152906,152-906,152906,4815180,Lubbock-Cooper ISD,Lubbock,17
Lamesa ISD,58906,058-906,58906,4826610,Lamesa ISD,Lubbock,17
Klondike ISD,58905,058-905,58905,4825790,Klondike ISD,Lubbock,17
Shallowater ISD,152909,152-909,152909,4839870,Shallowater ISD,Lubbock,17
Roosevelt ISD,152908,152-908,152908,4837800,Roosevelt ISD,Lubbock,17
New Deal ISD,152902,152-902,152902,4832430,New Deal ISD,Lubbock,17
Whiteface Cons ISD,40902,040-902,40902,4845570,Whiteface Cons ISD,Lubbock,17
Morton ISD,40901,040-901,40901,4831470,Morton ISD,Lubbock,17
Ralls ISD,54903,054-903,54903,4836390,Ralls ISD,Lubbock,17
Paducah ISD,51901,051-901,51901,4833900,Paducah ISD,Lubbock,17
Lorenzo ISD,54902,054-902,54902,4828230,Lorenzo ISD,Lubbock,17
Crosbyton Cons ISD,54901,054-901,54901,4800001,Crosbyton Cons ISD,Lubbock,17
Jayton-Girard ISD,132902,132-902,132902,4824660,Jayton-Girard ISD,Lubbock,17
Borden County ISD,17901,017-901,17901,4810860,Borden County ISD,Lubbock,17
Sands Consolidated ISD,58909,058-909,58909,4839120,Sands Consolidated ISD,Lubbock,17
Muleshoe ISD,9901,009-901,9901,4831890,Muleshoe ISD,Lubbock,17
Sudan ISD,140908,140-908,140908,4841760,Sudan ISD,Lubbock,17
Plainview ISD,95905,095-905,95905,4835070,Plainview ISD,Lubbock,17
Motley County ISD,173901,173-901,173901,4831500,Motley County ISD,Lubbock,17
Lockney ISD,77902,077-902,77902,4827890,Lockney ISD,Lubbock,17
Floydada ISD,77901,077-901,77901,4819440,Floydada ISD,Lubbock,17
Petersburg ISD,95904,095-904,95904,4834680,Petersburg ISD,Lubbock,17
Plains ISD,251902,251-902,251902,4835040,Plains ISD,Lubbock,17
Denver City ISD,251901,251-901,251901,4816770,Denver City ISD,Lubbock,17
Brownfield ISD,223901,223-901,223901,4811610,Brownfield ISD,Lubbock,17
Seagraves ISD,83901,083-901,83901,4839600,Seagraves ISD,Lubbock,17
Whitharral ISD,110908,110-908,110908,4845690,Whitharral ISD,Lubbock,17
Sundown ISD,110907,110-907,110907,4841850,Sundown ISD,Lubbock,17
Smyer ISD,110906,110-906,110906,4840590,Smyer ISD,Lubbock,17
Levelland ISD,110902,110-902,110902,4827240,Levelland ISD,Lubbock,17
Anton ISD,110901,110-901,110901,4808460,Anton ISD,Lubbock,17
Littlefield ISD,140904,140-904,140904,4827750,Littlefield ISD,Lubbock,17
Amherst ISD,140901,140-901,140901,4808160,Amherst ISD,Lubbock,17
Pecos-Barstow-Toyah ISD,195901,195-901,195901,4834550,Pecos-Barstow-Toyah ISD,Midland,18
Balmorhea ISD,195902,195-902,195902,4809330,Balmorhea ISD,Midland,18
Terrell County ISD,222901,222-901,222901,4842420,Terrell County ISD,Midland,18
Monahans-Wickett-Pyote ISD,238902,238-902,238902,4831170,Monahans-Wickett-Pyote ISD,Midland,18
Grandfalls-Royalty ISD,238904,238-904,238904,4821480,Grandfalls-Royalty ISD,Midland,18
Grady ISD,156905,156-905,156905,4821300,Grady ISD,Midland,18
Reagan County ISD,192901,192-901,192901,4836570,Reagan County ISD,Midland,18
Andrews ISD,2901,002-901,2901,4808280,Andrews ISD,Midland,18
Rankin ISD,231902,231-902,231902,4836510,Rankin ISD,Midland,18
McCamey ISD,231901,231-901,231901,4829700,McCamey ISD,Midland,18
Midland ISD,165901,165-901,165901,4830570,Midland ISD,Midland,18
Greenwood ISD,165902,165-902,165902,4821750,Greenwood ISD,Midland,18
Iraan-Sheffield ISD,186903,186-903,186903,4824330,Iraan-Sheffield ISD,Midland,18
Fort Stockton ISD,186902,186-902,186902,4820190,Fort Stockton ISD,Midland,18
Buena Vista ISD,186901,186-901,186901,4811910,Buena Vista ISD,Midland,18
Valentine ISD,122902,122-902,122902,4843740,Valentine ISD,Midland,18
Fort Davis ISD,122901,122-901,122901,4820100,Fort Davis ISD,Midland,18
Presidio ISD,189902,189-902,189902,4835800,Presidio ISD,Midland,18
Marfa ISD,189901,189-901,189901,4829040,Marfa ISD,Midland,18
Glasscock ISD,87901,087-901,87901,4820790,Glasscock ISD,Midland,18
Ector County ISD,68901,068-901,68901,4818000,Ector County ISD,Midland,18
Crane ISD,52901,052-901,52901,4815540,Crane ISD,Midland,18
Coahoma ISD,114902,114-902,114902,4814490,Coahoma ISD,Midland,18
Big Spring ISD,114901,114-901,114901,4810200,Big Spring ISD,Midland,18
Forsan ISD,114904,114-904,114904,4819620,Forsan ISD,Midland,18
Stanton ISD,156902,156-902,156902,4841430,Stanton ISD,Midland,18
Culberson County-Allamore ISD,55901,055-901,55901,4815990,Culberson County-Allamore ISD,Midland,18
Kermit ISD,248901,248-901,248901,4825560,Kermit ISD,Midland,18
Wink-Loving ISD,248902,248-902,248902,4846170,Wink-Loving ISD,Midland,18
Terlingua CSD,22004,022-004,22004,4842390,Terlingua CSD,Midland,18
San Vicente ISD,22903,022-903,22903,4839060,San Vicente ISD,Midland,18
Marathon ISD,22902,022-902,22902,4828980,Marathon ISD,Midland,18
Alpine ISD,22901,022-901,22901,4807950,Alpine ISD,Midland,18
Ysleta ISD,71905,071-905,71905,4846680,Ysleta ISD,El Paso,19
Tornillo ISD,71908,071-908,71908,4842990,Tornillo ISD,El Paso,19
San Elizario ISD,71904,071-904,71904,4838850,San Elizario ISD,El Paso,19
Fabens ISD,71903,071-903,71903,4818900,Fabens ISD,El Paso,19
Clint ISD,71901,071-901,71901,4814430,Clint ISD,El Paso,19
Canutillo ISD,71907,071-907,71907,4812780,Canutillo ISD,El Paso,19
Anthony ISD,71906,071-906,71906,4808430,Anthony ISD,El Paso,19
Sierra Blanca ISD,115902,115-902,115902,4840200,Sierra Blanca ISD,El Paso,19
Fort Hancock ISD,115901,115-901,115901,4820130,Fort Hancock ISD,El Paso,19
Dell City ISD,115903,115-903,115903,4816650,Dell City ISD,El Paso,19
Socorro ISD,71909,071-909,71909,4840710,Socorro ISD,El Paso,19
El Paso ISD,71902,071-902,71902,4818300,El Paso ISD,El Paso,19
Dilley ISD,82902,082-902,82902,4817100,Dilley ISD,San Antonio,20
Natalia ISD,163903,163-903,163903,4832130,Natalia ISD,San Antonio,20
D'Hanis ISD,163902,163-902,163902,4816140,D'Hanis ISD,San Antonio,20
Randolph Field ISD,15906,015-906,15906,4836450,Randolph Field ISD,San Antonio,20
Boerne ISD,130901,130-901,130901,4810710,Boerne ISD,San Antonio,20
Southside ISD,15917,015-917,15917,4840920,Southside ISD,San Antonio,20
Harlandale ISD,15904,015-904,15904,4822470,Harlandale ISD,San Antonio,20
East Central ISD,15911,015-911,15911,4817850,East Central ISD,San Antonio,20
Fort Sam Houston ISD,15914,015-914,15914,4820160,Fort Sam Houston ISD,San Antonio,20
North East ISD,15910,015-910,15910,4832940,North East ISD,San Antonio,20
Utopia ISD,232904,232-904,232904,4843680,Utopia ISD,San Antonio,20
Judson ISD,15916,015-916,15916,4824990,Judson ISD,San Antonio,20
Hunt ISD,133902,133-902,133902,4823970,Hunt ISD,San Antonio,20
Alamo Heights ISD,15901,015-901,15901,4807590,Alamo Heights ISD,San Antonio,20
Divide ISD,133905,133-905,133905,4817190,Divide ISD,San Antonio,20
Edgewood ISD (Bexar),15905,015-905,15905,4818150,Edgewood ISD (Bexar),San Antonio,20
South San Antonio ISD,15908,015-908,15908,4840680,South San Antonio ISD,San Antonio,20
San Antonio ISD,15907,015-907,15907,4838730,San Antonio ISD,San Antonio,20
Center Point ISD,133901,133-901,133901,4813350,Center Point ISD,San Antonio,20
Lackland ISD,15913,015-913,15913,4826370,Lackland ISD,San Antonio,20
Northside ISD (Bexar),15915,015-915,15915,4833120,Northside ISD (Bexar),San Antonio,20
Somerset ISD,15909,015-909,15909,4840740,Somerset ISD,San Antonio,20
Poteet ISD,7906,007-906,7906,4835520,Poteet ISD,San Antonio,20
Pleasanton ISD,7905,007-905,7905,4835190,Pleasanton ISD,San Antonio,20
Floresville ISD,247901,247-901,247901,4819350,Floresville ISD,San Antonio,20
Jourdanton ISD,7902,007-902,7902,4824960,Jourdanton ISD,San Antonio,20
Charlotte ISD,7901,007-901,7901,4813710,Charlotte ISD,San Antonio,20
Lytle ISD,7904,007-904,7904,4828650,Lytle ISD,San Antonio,20
Stockdale ISD,247906,247-906,247906,4841610,Stockdale ISD,San Antonio,20
Poth ISD,247904,247-904,247904,4835550,Poth ISD,San Antonio,20
La Pryor ISD,254902,254-902,254902,4826250,La Pryor ISD,San Antonio,20
Crystal City ISD,254901,254-901,254901,4815930,Crystal City ISD,San Antonio,20
Hondo ISD,163904,163-904,163904,4823430,Hondo ISD,San Antonio,20
Medina ISD,10901,010-901,10901,4830030,Medina ISD,San Antonio,20
Pearsall ISD,82903,082-903,82903,4834470,Pearsall ISD,San Antonio,20
Devine ISD,163901,163-901,163901,4816950,Devine ISD,San Antonio,20
Cotulla ISD,142901,142-901,142901,4815400,Cotulla ISD,San Antonio,20
Carrizo Springs Cons ISD,64903,064-903,64903,4812990,Carrizo Springs Cons ISD,San Antonio,20
Eagle Pass ISD,159901,159-901,159901,4817730,Eagle Pass ISD,San Antonio,20
Brackett ISD,136901,136-901,136901,4811070,Brackett ISD,San Antonio,20
Sabinal ISD,232902,232-902,232902,4838430,Sabinal ISD,San Antonio,20
Knippa ISD,232901,232-901,232901,4825800,Knippa ISD,San Antonio,20
Uvalde Cons ISD,232903,232-903,232903,4843720,Uvalde Cons ISD,San Antonio,20
Leakey ISD,193902,193-902,193902,4827000,Leakey ISD,San Antonio,20
La Vernia ISD,247903,247-903,247903,4826310,La Vernia ISD,San Antonio,20
Kerrville ISD,133903,133-903,133903,4825590,Kerrville ISD,San Antonio,20
Ingram ISD,133904,133-904,133904,4824210,Ingram ISD,San Antonio,20
Medina Valley ISD,163908,163-908,163908,4830060,Medina Valley ISD,San Antonio,20
Southwest ISD,15912,015-912,15912,4840950,Southwest ISD,San Antonio,20
Bandera ISD,10902,010-902,10902,4809360,Bandera ISD,San Antonio,20
